<?xml version="1.0" encoding="UTF-8" standalone="yes"?>
<addon id="repository.passion.xbmc.svn"
    name="Passion-XBMC Add-ons (SVN)"
    version="1.0.2"
    provider-name="Team Passion-XBMC">
  <extension point="xbmc.addon.repository"
    name="Passion-XBMC Add-on SVN Repository">
    <info compressed="false">http://passion-xbmc.googlecode.com/svn/trunk/addons/addons_repo/addons.xml</info>
    <checksum></checksum>
    <datadir zip="true">http://passion-xbmc.googlecode.com/svn/trunk/addons</datadir>
  </extension>
  <extension point="xbmc.addon.metadata">
    <summary>SVN Repo is moved here: http://passion-xbmc.org/addons/</summary>
    <description>Install new repo [B]Passion-XBMC.org Add-ons[/B] and Uninstall [B]Passion-XBMC Add-ons (SVN)[/B]</description>
    <platform>all</platform>
    <broken>SVN Repo is moved here: http://passion-xbmc.org/addons/</broken>
  </extension>
</addon>
